pdf contribution,dr,Ephi,tres,eX,eY,eZ,eT,eZenith,eAzimuth
3.94927, 117.362, 1.32528, 37.6762, -475.123, -347.197, -170.989, 0, 2.10793, 6.06428
3.21155, 135.546, 1.16016, 26.0206, -475.123, -347.197, -170.989, 0, 2.10793, 6.06428
3.76812, 121.754, 1.37378, 24.6799, -475.123, -347.197, -170.989, 0, 2.10793, 6.06428
2.65844, 97.0717, 1.0367, 19.4648, -475.123, -347.197, -170.989, 0, 2.10793, 6.06428
2.66693, 97.0717, 1.0367, 19.9344, -475.123, -347.197, -170.989, 0, 2.10793, 6.06428
3.33471, 97.0717, 1.0367, 23.4741, -475.123, -347.197, -170.989, 0, 2.10793, 6.06428
3.49097, 97.0717, 1.0367, 24.384, -475.123, -347.197, -170.989, 0, 2.10793, 6.06428
4.27506, 97.0717, 1.0367, 30.0081, -475.123, -347.197, -170.989, 0, 2.10793, 6.06428
5.46855, 97.0717, 1.0367, 47.9116, -475.123, -347.197, -170.989, 0, 2.10793, 6.06428
4.312, 94.9832, 0.66063, 7.36732, -475.123, -347.197, -170.989, 0, 2.10793, 6.06428
3.39905, 94.9832, 0.66063, 8.06962, -475.123, -347.197, -170.989, 0, 2.10793, 6.06428
2.47178, 94.9832, 0.66063, 9.18339, -475.123, -347.197, -170.989, 0, 2.10793, 6.06428
2.38595, 94.9832, 0.66063, 9.34253, -475.123, -347.197, -170.989, 0, 2.10793, 6.06428
2.3422, 94.9832, 0.66063, 9.43129, -475.123, -347.197, -170.989, 0, 2.10793, 6.06428
2.26841, 94.9832, 0.66063, 9.59506, -475.123, -347.197, -170.989, 0, 2.10793, 6.06428
2.26332, 94.9832, 0.66063, 9.60709, -475.123, -347.197, -170.989, 0, 2.10793, 6.06428
2.24653, 94.9832, 0.66063, 9.6475, -475.123, -347.197, -170.989, 0, 2.10793, 6.06428
2.10528, 94.9832, 0.66063, 10.0431, -475.123, -347.197, -170.989, 0, 2.10793, 6.06428
2.08051, 94.9832, 0.66063, 10.126, -475.123, -347.197, -170.989, 0, 2.10793, 6.06428
2.02336, 94.9832, 0.66063, 10.3411, -475.123, -347.197, -170.989, 0, 2.10793, 6.06428
1.94031, 94.9832, 0.66063, 10.7579, -475.123, -347.197, -170.989, 0, 2.10793, 6.06428
1.93949, 94.9832, 0.66063, 10.7632, -475.123, -347.197, -170.989, 0, 2.10793, 6.06428
1.89152, 94.9832, 0.66063, 11.1764, -475.123, -347.197, -170.989, 0, 2.10793, 6.06428
1.88446, 94.9832, 0.66063, 11.8248, -475.123, -347.197, -170.989, 0, 2.10793, 6.06428
1.9364, 94.9832, 0.66063, 12.2932, -475.123, -347.197, -170.989, 0, 2.10793, 6.06428
1.95097, 94.9832, 0.66063, 12.3758, -475.123, -347.197, -170.989, 0, 2.10793, 6.06428
2.00927, 94.9832, 0.66063, 12.6414, -475.123, -347.197, -170.989, 0, 2.10793, 6.06428
2.24349, 94.9832, 0.66063, 13.3579, -475.123, -347.197, -170.989, 0, 2.10793, 6.06428
2.28042, 94.9832, 0.66063, 13.4509, -475.123, -347.197, -170.989, 0, 2.10793, 6.06428
2.28156, 94.9832, 0.66063, 13.4537, -475.123, -347.197, -170.989, 0, 2.10793, 6.06428
2.85902, 94.9832, 0.66063, 14.7098, -475.123, -347.197, -170.989, 0, 2.10793, 6.06428
3.55782, 94.9832, 0.66063, 16.2302, -475.123, -347.197, -170.989, 0, 2.10793, 6.06428
4.1971, 94.9832, 0.66063, 18.1052, -475.123, -347.197, -170.989, 0, 2.10793, 6.06428
5.48204, 94.9832, 0.66063, 26.8504, -475.123, -347.197, -170.989, 0, 2.10793, 6.06428
5.51966, 94.9832, 0.66063, 27.2564, -475.123, -347.197, -170.989, 0, 2.10793, 6.06428
5.5618, 94.9832, 0.66063, 27.7262, -475.123, -347.197, -170.989, 0, 2.10793, 6.06428
7.17784, 94.9832, 0.66063, 63.9485, -475.123, -347.197, -170.989, 0, 2.10793, 6.06428
3.02888, 116.708, 0.531919, 9.90666, -475.123, -347.197, -170.989, 0, 2.10793, 6.06428
2.51489, 116.708, 0.531919, 11.5422, -475.123, -347.197, -170.989, 0, 2.10793, 6.06428
2.79988, 152.38, 0.595312, 21.1122, -475.123, -347.197, -170.989, 0, 2.10793, 6.06428
5.22573, 87.4285, 2.08843, 73.0717, -475.123, -347.197, -170.989, 0, 2.10793, 6.06428
5.89183, 87.4285, 2.08843, 107.445, -475.123, -347.197, -170.989, 0, 2.10793, 6.06428
7.28947, 87.4285, 2.08843, 225.368, -475.123, -347.197, -170.989, 0, 2.10793, 6.06428
6.64432, 47.3565, 1.95337, 11.2744, -475.123, -347.197, -170.989, 0, 2.10793, 6.06428
6.2643, 47.3565, 1.95337, 12.0775, -475.123, -347.197, -170.989, 0, 2.10793, 6.06428
5.15338, 47.3565, 1.95337, 15.5092, -475.123, -347.197, -170.989, 0, 2.10793, 6.06428
5.07734, 47.3565, 1.95337, 15.8411, -475.123, -347.197, -170.989, 0, 2.10793, 6.06428
4.19205, 47.3565, 1.95337, 20.2789, -475.123, -347.197, -170.989, 0, 2.10793, 6.06428
3.95404, 47.3565, 1.95337, 22.417, -475.123, -347.197, -170.989, 0, 2.10793, 6.06428
3.93719, 47.3565, 1.95337, 22.603, -475.123, -347.197, -170.989, 0, 2.10793, 6.06428
3.71016, 47.3565, 1.95337, 26.4076, -475.123, -347.197, -170.989, 0, 2.10793, 6.06428
3.66391, 47.3565, 1.95337, 28.9829, -475.123, -347.197, -170.989, 0, 2.10793, 6.06428
3.66831, 47.3565, 1.95337, 30.4473, -475.123, -347.197, -170.989, 0, 2.10793, 6.06428
3.67292, 47.3565, 1.95337, 30.8519, -475.123, -347.197, -170.989, 0, 2.10793, 6.06428
3.72312, 47.3565, 1.95337, 33.1477, -475.123, -347.197, -170.989, 0, 2.10793, 6.06428
3.78683, 47.3565, 1.95337, 34.955, -475.123, -347.197, -170.989, 0, 2.10793, 6.06428
3.8585, 47.3565, 1.95337, 36.5844, -475.123, -347.197, -170.989, 0, 2.10793, 6.06428
3.96929, 47.3565, 1.95337, 38.7472, -475.123, -347.197, -170.989, 0, 2.10793, 6.06428
4.31939, 47.3565, 1.95337, 44.6483, -475.123, -347.197, -170.989, 0, 2.10793, 6.06428
5.23808, 47.3565, 1.95337, 61.6934, -475.123, -347.197, -170.989, 0, 2.10793, 6.06428
5.24379, 47.3565, 1.95337, 61.8252, -475.123, -347.197, -170.989, 0, 2.10793, 6.06428
5.71935, 47.3565, 1.95337, 75.582, -475.123, -347.197, -170.989, 0, 2.10793, 6.06428
5.7744, 47.3565, 1.95337, 77.7324, -475.123, -347.197, -170.989, 0, 2.10793, 6.06428
6.1411, 47.3565, 1.95337, 97.2457, -475.123, -347.197, -170.989, 0, 2.10793, 6.06428
6.52961, 47.3565, 1.95337, 121.769, -475.123, -347.197, -170.989, 0, 2.10793, 6.06428
6.61859, 47.3565, 1.95337, 127.79, -475.123, -347.197, -170.989, 0, 2.10793, 6.06428
7.96627, 47.3565, 1.95337, 237.826, -475.123, -347.197, -170.989, 0, 2.10793, 6.06428
3.84574, 42.9131, 1.38553, 11.7309, -475.123, -347.197, -170.989, 0, 2.10793, 6.06428
3.5383, 42.9131, 1.38553, 12.6662, -475.123, -347.197, -170.989, 0, 2.10793, 6.06428
3.47437, 42.9131, 1.38553, 12.9121, -475.123, -347.197, -170.989, 0, 2.10793, 6.06428
3.30102, 42.9131, 1.38553, 13.6642, -475.123, -347.197, -170.989, 0, 2.10793, 6.06428
3.28586, 42.9131, 1.38553, 13.7359, -475.123, -347.197, -170.989, 0, 2.10793, 6.06428
3.2339, 42.9131, 1.38553, 14.0015, -475.123, -347.197, -170.989, 0, 2.10793, 6.06428
3.20983, 42.9131, 1.38553, 14.1388, -475.123, -347.197, -170.989, 0, 2.10793, 6.06428
3.18814, 42.9131, 1.38553, 14.2713, -475.123, -347.197, -170.989, 0, 2.10793, 6.06428
3.16719, 42.9131, 1.38553, 14.4059, -475.123, -347.197, -170.989, 0, 2.10793, 6.06428
3.06697, 42.9131, 1.38553, 15.0738, -475.123, -347.197, -170.989, 0, 2.10793, 6.06428
3.06124, 42.9131, 1.38553, 15.1156, -475.123, -347.197, -170.989, 0, 2.10793, 6.06428
3.04177, 42.9131, 1.38553, 15.2708, -475.123, -347.197, -170.989, 0, 2.10793, 6.06428
3.0092, 42.9131, 1.38553, 15.6316, -475.123, -347.197, -170.989, 0, 2.10793, 6.06428
3.00851, 42.9131, 1.38553, 15.6419, -475.123, -347.197, -170.989, 0, 2.10793, 6.06428
2.99375, 42.9131, 1.38553, 15.8877, -475.123, -347.197, -170.989, 0, 2.10793, 6.06428
2.96419, 42.9131, 1.38553, 16.3359, -475.123, -347.197, -170.989, 0, 2.10793, 6.06428
2.9558, 42.9131, 1.38553, 16.4495, -475.123, -347.197, -170.989, 0, 2.10793, 6.06428
2.9522, 42.9131, 1.38553, 16.4998, -475.123, -347.197, -170.989, 0, 2.10793, 6.06428
2.94479, 42.9131, 1.38553, 16.6117, -475.123, -347.197, -170.989, 0, 2.10793, 6.06428
2.94043, 42.9131, 1.38553, 16.6877, -475.123, -347.197, -170.989, 0, 2.10793, 6.06428
2.93745, 42.9131, 1.38553, 16.7478, -475.123, -347.197, -170.989, 0, 2.10793, 6.06428
2.92761, 42.9131, 1.38553, 17.2911, -475.123, -347.197, -170.989, 0, 2.10793, 6.06428
2.92755, 42.9131, 1.38553, 17.3022, -475.123, -347.197, -170.989, 0, 2.10793, 6.06428
2.92703, 42.9131, 1.38553, 17.3804, -475.123, -347.197, -170.989, 0, 2.10793, 6.06428
2.92435, 42.9131, 1.38553, 17.5777, -475.123, -347.197, -170.989, 0, 2.10793, 6.06428
2.91873, 42.9131, 1.38553, 17.8231, -475.123, -347.197, -170.989, 0, 2.10793, 6.06428
2.91824, 42.9131, 1.38553, 17.8443, -475.123, -347.197, -170.989, 0, 2.10793, 6.06428
2.9267, 42.9131, 1.38553, 18.4605, -475.123, -347.197, -170.989, 0, 2.10793, 6.06428
2.94192, 42.9131, 1.38553, 18.7358, -475.123, -347.197, -170.989, 0, 2.10793, 6.06428
2.94855, 42.9131, 1.38553, 18.9223, -475.123, -347.197, -170.989, 0, 2.10793, 6.06428
2.94981, 42.9131, 1.38553, 19.1038, -475.123, -347.197, -170.989, 0, 2.10793, 6.06428
2.944, 42.9131, 1.38553, 19.4017, -475.123, -347.197, -170.989, 0, 2.10793, 6.06428
2.94163, 42.9131, 1.38553, 19.528, -475.123, -347.197, -170.989, 0, 2.10793, 6.06428
2.9415, 42.9131, 1.38553, 19.538, -475.123, -347.197, -170.989, 0, 2.10793, 6.06428
2.94116, 42.9131, 1.38553, 19.5718, -475.123, -347.197, -170.989, 0, 2.10793, 6.06428
2.99815, 42.9131, 1.38553, 20.5413, -475.123, -347.197, -170.989, 0, 2.10793, 6.06428
3.0089, 42.9131, 1.38553, 20.6443, -475.123, -347.197, -170.989, 0, 2.10793, 6.06428
3.02167, 42.9131, 1.38553, 20.7638, -475.123, -347.197, -170.989, 0, 2.10793, 6.06428
3.03701, 42.9131, 1.38553, 20.905, -475.123, -347.197, -170.989, 0, 2.10793, 6.06428
3.04043, 42.9131, 1.38553, 20.9364, -475.123, -347.197, -170.989, 0, 2.10793, 6.06428
3.05188, 42.9131, 1.38553, 21.041, -475.123, -347.197, -170.989, 0, 2.10793, 6.06428
3.06694, 42.9131, 1.38553, 21.1776, -475.123, -347.197, -170.989, 0, 2.10793, 6.06428
3.11586, 42.9131, 1.38553, 21.6165, -475.123, -347.197, -170.989, 0, 2.10793, 6.06428
3.19906, 42.9131, 1.38553, 22.3466, -475.123, -347.197, -170.989, 0, 2.10793, 6.06428
3.22045, 42.9131, 1.38553, 22.5314, -475.123, -347.197, -170.989, 0, 2.10793, 6.06428
3.37053, 42.9131, 1.38553, 23.8021, -475.123, -347.197, -170.989, 0, 2.10793, 6.06428
3.40252, 42.9131, 1.38553, 24.0681, -475.123, -347.197, -170.989, 0, 2.10793, 6.06428
3.41925, 42.9131, 1.38553, 24.2067, -475.123, -347.197, -170.989, 0, 2.10793, 6.06428
3.47161, 42.9131, 1.38553, 24.6382, -475.123, -347.197, -170.989, 0, 2.10793, 6.06428
3.49599, 42.9131, 1.38553, 24.8381, -475.123, -347.197, -170.989, 0, 2.10793, 6.06428
3.56739, 42.9131, 1.38553, 25.4205, -475.123, -347.197, -170.989, 0, 2.10793, 6.06428
3.64775, 42.9131, 1.38553, 26.0718, -475.123, -347.197, -170.989, 0, 2.10793, 6.06428
3.71047, 42.9131, 1.38553, 26.5779, -475.123, -347.197, -170.989, 0, 2.10793, 6.06428
3.72009, 42.9131, 1.38553, 26.6554, -475.123, -347.197, -170.989, 0, 2.10793, 6.06428
3.72182, 42.9131, 1.38553, 26.6694, -475.123, -347.197, -170.989, 0, 2.10793, 6.06428
3.79165, 42.9131, 1.38553, 27.2316, -475.123, -347.197, -170.989, 0, 2.10793, 6.06428
4.10978, 42.9131, 1.38553, 29.8037, -475.123, -347.197, -170.989, 0, 2.10793, 6.06428
4.13541, 42.9131, 1.38553, 30.0133, -475.123, -347.197, -170.989, 0, 2.10793, 6.06428
4.14375, 42.9131, 1.38553, 30.0817, -475.123, -347.197, -170.989, 0, 2.10793, 6.06428
4.20907, 42.9131, 1.38553, 30.6189, -475.123, -347.197, -170.989, 0, 2.10793, 6.06428
4.29237, 42.9131, 1.38553, 31.3107, -475.123, -347.197, -170.989, 0, 2.10793, 6.06428
4.81539, 42.9131, 1.38553, 35.9374, -475.123, -347.197, -170.989, 0, 2.10793, 6.06428
5.03281, 42.9131, 1.38553, 38.1001, -475.123, -347.197, -170.989, 0, 2.10793, 6.06428
5.30624, 42.9131, 1.38553, 41.1858, -475.123, -347.197, -170.989, 0, 2.10793, 6.06428
5.51106, 42.9131, 1.38553, 43.9411, -475.123, -347.197, -170.989, 0, 2.10793, 6.06428
5.81469, 42.9131, 1.38553, 49.5631, -475.123, -347.197, -170.989, 0, 2.10793, 6.06428
6.07814, 42.9131, 1.38553, 59.6086, -475.123, -347.197, -170.989, 0, 2.10793, 6.06428
6.10829, 42.9131, 1.38553, 61.5304, -475.123, -347.197, -170.989, 0, 2.10793, 6.06428
6.21232, 42.9131, 1.38553, 68.6002, -475.123, -347.197, -170.989, 0, 2.10793, 6.06428
6.25876, 42.9131, 1.38553, 71.3895, -475.123, -347.197, -170.989, 0, 2.10793, 6.06428
6.3194, 42.9131, 1.38553, 74.5699, -475.123, -347.197, -170.989, 0, 2.10793, 6.06428
6.51263, 42.9131, 1.38553, 82.6604, -475.123, -347.197, -170.989, 0, 2.10793, 6.06428
6.72835, 42.9131, 1.38553, 90.6145, -475.123, -347.197, -170.989, 0, 2.10793, 6.06428
8.02302, 42.9131, 1.38553, 173.16, -475.123, -347.197, -170.989, 0, 2.10793, 6.06428
8.15437, 42.9131, 1.38553, 185.521, -475.123, -347.197, -170.989, 0, 2.10793, 6.06428
8.33088, 42.9131, 1.38553, 199.307, -475.123, -347.197, -170.989, 0, 2.10793, 6.06428
8.72368, 42.9131, 1.38553, 225.682, -475.123, -347.197, -170.989, 0, 2.10793, 6.06428
9.8728, 42.9131, 1.38553, 318.089, -475.123, -347.197, -170.989, 0, 2.10793, 6.06428
3.10479, 80.2523, 1.14033, 21.7943, -475.123, -347.197, -170.989, 0, 2.10793, 6.06428
3.51508, 80.2523, 1.14033, 24.4251, -475.123, -347.197, -170.989, 0, 2.10793, 6.06428
4.11725, 80.2523, 1.14033, 28.9183, -475.123, -347.197, -170.989, 0, 2.10793, 6.06428
4.15233, 80.2523, 1.14033, 29.2108, -475.123, -347.197, -170.989, 0, 2.10793, 6.06428
5.60779, 126.646, 1.08554, 73.8356, -475.123, -347.197, -170.989, 0, 2.10793, 6.06428
5.30638, 88.67, 2.844, 90.9602, -475.123, -347.197, -170.989, 0, 2.10793, 6.06428
4.51197, 86.3786, 2.32571, 32.288, -475.123, -347.197, -170.989, 0, 2.10793, 6.06428
4.28703, 86.3786, 2.32571, 54.0137, -475.123, -347.197, -170.989, 0, 2.10793, 6.06428
6.34384, 86.3786, 2.32571, 149.888, -475.123, -347.197, -170.989, 0, 2.10793, 6.06428
2.9464, 130.651, 0.377055, 11.1831, -475.123, -347.197, -170.989, 0, 2.10793, 6.06428
5.16495, 147.203, 0.0445065, 45.6503, -475.123, -347.197, -170.989, 0, 2.10793, 6.06428
5.00231, 96.3932, 1.53747, 19.0544, -475.123, -347.197, -170.989, 0, 2.10793, 6.06428
4.09053, 96.3932, 1.53747, 40.4876, -475.123, -347.197, -170.989, 0, 2.10793, 6.06428
4.53184, 62.3742, 1.09093, 9.08906, -475.123, -347.197, -170.989, 0, 2.10793, 6.06428
4.32593, 62.3742, 1.09093, 9.30892, -475.123, -347.197, -170.989, 0, 2.10793, 6.06428
3.96112, 62.3742, 1.09093, 9.74677, -475.123, -347.197, -170.989, 0, 2.10793, 6.06428
3.35306, 62.3742, 1.09093, 10.6986, -475.123, -347.197, -170.989, 0, 2.10793, 6.06428
3.27764, 62.3742, 1.09093, 10.8419, -475.123, -347.197, -170.989, 0, 2.10793, 6.06428
3.07508, 62.3742, 1.09093, 11.2884, -475.123, -347.197, -170.989, 0, 2.10793, 6.06428
3.01503, 62.3742, 1.09093, 11.4475, -475.123, -347.197, -170.989, 0, 2.10793, 6.06428
2.95101, 62.3742, 1.09093, 11.635, -475.123, -347.197, -170.989, 0, 2.10793, 6.06428
2.88657, 62.3742, 1.09093, 11.8421, -475.123, -347.197, -170.989, 0, 2.10793, 6.06428
2.85338, 62.3742, 1.09093, 11.9561, -475.123, -347.197, -170.989, 0, 2.10793, 6.06428
2.83963, 62.3742, 1.09093, 12.005, -475.123, -347.197, -170.989, 0, 2.10793, 6.06428
2.80069, 62.3742, 1.09093, 12.1496, -475.123, -347.197, -170.989, 0, 2.10793, 6.06428
2.6425, 62.3742, 1.09093, 12.9941, -475.123, -347.197, -170.989, 0, 2.10793, 6.06428
2.63423, 62.3742, 1.09093, 13.068, -475.123, -347.197, -170.989, 0, 2.10793, 6.06428
2.63314, 62.3742, 1.09093, 13.0782, -475.123, -347.197, -170.989, 0, 2.10793, 6.06428
2.60613, 62.3742, 1.09093, 13.3727, -475.123, -347.197, -170.989, 0, 2.10793, 6.06428
2.60292, 62.3742, 1.09093, 13.4144, -475.123, -347.197, -170.989, 0, 2.10793, 6.06428
2.59638, 62.3742, 1.09093, 13.5059, -475.123, -347.197, -170.989, 0, 2.10793, 6.06428
2.57308, 62.3742, 1.09093, 14.3238, -475.123, -347.197, -170.989, 0, 2.10793, 6.06428
2.6088, 62.3742, 1.09093, 15.1811, -475.123, -347.197, -170.989, 0, 2.10793, 6.06428
2.62959, 62.3742, 1.09093, 15.4579, -475.123, -347.197, -170.989, 0, 2.10793, 6.06428
2.64024, 62.3742, 1.09093, 15.5808, -475.123, -347.197, -170.989, 0, 2.10793, 6.06428
2.6709, 62.3742, 1.09093, 15.89, -475.123, -347.197, -170.989, 0, 2.10793, 6.06428
2.68033, 62.3742, 1.09093, 15.9755, -475.123, -347.197, -170.989, 0, 2.10793, 6.06428
2.76644, 62.3742, 1.09093, 16.6419, -475.123, -347.197, -170.989, 0, 2.10793, 6.06428
2.81661, 62.3742, 1.09093, 16.9774, -475.123, -347.197, -170.989, 0, 2.10793, 6.06428
2.82963, 62.3742, 1.09093, 17.0608, -475.123, -347.197, -170.989, 0, 2.10793, 6.06428
2.93066, 62.3742, 1.09093, 17.6696, -475.123, -347.197, -170.989, 0, 2.10793, 6.06428
3.02158, 62.3742, 1.09093, 18.1721, -475.123, -347.197, -170.989, 0, 2.10793, 6.06428
3.25888, 62.3742, 1.09093, 19.4041, -475.123, -347.197, -170.989, 0, 2.10793, 6.06428
3.43643, 62.3742, 1.09093, 20.2744, -475.123, -347.197, -170.989, 0, 2.10793, 6.06428
3.44538, 62.3742, 1.09093, 20.317, -475.123, -347.197, -170.989, 0, 2.10793, 6.06428
4.2948, 62.3742, 1.09093, 25.1024, -475.123, -347.197, -170.989, 0, 2.10793, 6.06428
4.34459, 62.3742, 1.09093, 25.4494, -475.123, -347.197, -170.989, 0, 2.10793, 6.06428
4.57432, 62.3742, 1.09093, 27.1943, -475.123, -347.197, -170.989, 0, 2.10793, 6.06428
5.22062, 62.3742, 1.09093, 34.1675, -475.123, -347.197, -170.989, 0, 2.10793, 6.06428
5.87246, 62.3742, 1.09093, 48.5798, -475.123, -347.197, -170.989, 0, 2.10793, 6.06428
5.90454, 62.3742, 1.09093, 49.5408, -475.123, -347.197, -170.989, 0, 2.10793, 6.06428
6.04648, 62.3742, 1.09093, 53.935, -475.123, -347.197, -170.989, 0, 2.10793, 6.06428
6.92909, 62.3742, 1.09093, 89.0782, -475.123, -347.197, -170.989, 0, 2.10793, 6.06428
6.97936, 62.3742, 1.09093, 91.6856, -475.123, -347.197, -170.989, 0, 2.10793, 6.06428
7.88073, 62.3742, 1.09093, 147.619, -475.123, -347.197, -170.989, 0, 2.10793, 6.06428
9.76736, 59.0715, 0.401272, -8.38506, -475.123, -347.197, -170.989, 0, 2.10793, 6.06428
7.36901, 59.0715, 0.401272, -5.01413, -475.123, -347.197, -170.989, 0, 2.10793, 6.06428
5.3201, 59.0715, 0.401272, -2.94722, -475.123, -347.197, -170.989, 0, 2.10793, 6.06428
5.13631, 59.0715, 0.401272, -2.71494, -475.123, -347.197, -170.989, 0, 2.10793, 6.06428
5.08044, 59.0715, 0.401272, -2.64254, -475.123, -347.197, -170.989, 0, 2.10793, 6.06428
4.98176, 59.0715, 0.401272, -2.51297, -475.123, -347.197, -170.989, 0, 2.10793, 6.06428
4.95573, 59.0715, 0.401272, -2.47846, -475.123, -347.197, -170.989, 0, 2.10793, 6.06428
4.82725, 59.0715, 0.401272, -2.30644, -475.123, -347.197, -170.989, 0, 2.10793, 6.06428
4.73963, 59.0715, 0.401272, -2.18778, -475.123, -347.197, -170.989, 0, 2.10793, 6.06428
4.72367, 59.0715, 0.401272, -2.16606, -475.123, -347.197, -170.989, 0, 2.10793, 6.06428
4.26685, 59.0715, 0.401272, -1.53385, -475.123, -347.197, -170.989, 0, 2.10793, 6.06428
3.8039, 59.0715, 0.401272, -0.842849, -475.123, -347.197, -170.989, 0, 2.10793, 6.06428
3.6296, 59.0715, 0.401272, -0.569922, -475.123, -347.197, -170.989, 0, 2.10793, 6.06428
3.56872, 59.0715, 0.401272, -0.471888, -475.123, -347.197, -170.989, 0, 2.10793, 6.06428
3.52641, 59.0715, 0.401272, -0.403006, -475.123, -347.197, -170.989, 0, 2.10793, 6.06428
3.51716, 59.0715, 0.401272, -0.387883, -475.123, -347.197, -170.989, 0, 2.10793, 6.06428
3.4087, 59.0715, 0.401272, -0.209348, -475.123, -347.197, -170.989, 0, 2.10793, 6.06428
3.34956, 59.0715, 0.401272, -0.111226, -475.123, -347.197, -170.989, 0, 2.10793, 6.06428
3.32906, 59.0715, 0.401272, -0.0770578, -475.123, -347.197, -170.989, 0, 2.10793, 6.06428
3.27116, 59.0715, 0.401272, 0.020151, -475.123, -347.197, -170.989, 0, 2.10793, 6.06428
3.20402, 59.0715, 0.401272, 0.134964, -475.123, -347.197, -170.989, 0, 2.10793, 6.06428
3.18982, 59.0715, 0.401272, 0.159632, -475.123, -347.197, -170.989, 0, 2.10793, 6.06428
3.10726, 59.0715, 0.401272, 0.306709, -475.123, -347.197, -170.989, 0, 2.10793, 6.06428
3.105, 59.0715, 0.401272, 0.310831, -475.123, -347.197, -170.989, 0, 2.10793, 6.06428
3.09575, 59.0715, 0.401272, 0.327759, -475.123, -347.197, -170.989, 0, 2.10793, 6.06428
2.97321, 59.0715, 0.401272, 0.555462, -475.123, -347.197, -170.989, 0, 2.10793, 6.06428
2.95958, 59.0715, 0.401272, 0.580347, -475.123, -347.197, -170.989, 0, 2.10793, 6.06428
2.95771, 59.0715, 0.401272, 0.583755, -475.123, -347.197, -170.989, 0, 2.10793, 6.06428
2.92149, 59.0715, 0.401272, 0.648688, -475.123, -347.197, -170.989, 0, 2.10793, 6.06428
2.86147, 59.0715, 0.401272, 0.753977, -475.123, -347.197, -170.989, 0, 2.10793, 6.06428
2.72195, 59.0715, 0.401272, 1.01642, -475.123, -347.197, -170.989, 0, 2.10793, 6.06428
2.64393, 59.0715, 0.401272, 1.18538, -475.123, -347.197, -170.989, 0, 2.10793, 6.06428
2.59976, 59.0715, 0.401272, 1.28534, -475.123, -347.197, -170.989, 0, 2.10793, 6.06428
2.55584, 59.0715, 0.401272, 1.38612, -475.123, -347.197, -170.989, 0, 2.10793, 6.06428
2.50019, 59.0715, 0.401272, 1.51537, -475.123, -347.197, -170.989, 0, 2.10793, 6.06428
2.48239, 59.0715, 0.401272, 1.55728, -475.123, -347.197, -170.989, 0, 2.10793, 6.06428
2.40159, 59.0715, 0.401272, 1.75463, -475.123, -347.197, -170.989, 0, 2.10793, 6.06428
2.36543, 59.0715, 0.401272, 1.84854, -475.123, -347.197, -170.989, 0, 2.10793, 6.06428
2.34091, 59.0715, 0.401272, 1.91496, -475.123, -347.197, -170.989, 0, 2.10793, 6.06428
2.25013, 59.0715, 0.401272, 2.1876, -475.123, -347.197, -170.989, 0, 2.10793, 6.06428
2.24311, 59.0715, 0.401272, 2.21092, -475.123, -347.197, -170.989, 0, 2.10793, 6.06428
2.19791, 59.0715, 0.401272, 2.37179, -475.123, -347.197, -170.989, 0, 2.10793, 6.06428
2.18216, 59.0715, 0.401272, 2.43319, -475.123, -347.197, -170.989, 0, 2.10793, 6.06428
2.13412, 59.0715, 0.401272, 2.64553, -475.123, -347.197, -170.989, 0, 2.10793, 6.06428
2.08768, 59.0715, 0.401272, 2.91605, -475.123, -347.197, -170.989, 0, 2.10793, 6.06428
2.08445, 59.0715, 0.401272, 2.93954, -475.123, -347.197, -170.989, 0, 2.10793, 6.06428
2.08436, 59.0715, 0.401272, 2.94022, -475.123, -347.197, -170.989, 0, 2.10793, 6.06428
2.06879, 59.0715, 0.401272, 3.07038, -475.123, -347.197, -170.989, 0, 2.10793, 6.06428
2.06679, 59.0715, 0.401272, 3.09, -475.123, -347.197, -170.989, 0, 2.10793, 6.06428
2.04722, 59.0715, 0.401272, 3.40756, -475.123, -347.197, -170.989, 0, 2.10793, 6.06428
2.04604, 59.0715, 0.401272, 3.50588, -475.123, -347.197, -170.989, 0, 2.10793, 6.06428
2.04701, 59.0715, 0.401272, 3.59864, -475.123, -347.197, -170.989, 0, 2.10793, 6.06428
2.05024, 59.0715, 0.401272, 3.69747, -475.123, -347.197, -170.989, 0, 2.10793, 6.06428
2.05064, 59.0715, 0.401272, 3.70655, -475.123, -347.197, -170.989, 0, 2.10793, 6.06428
2.05239, 59.0715, 0.401272, 3.74159, -475.123, -347.197, -170.989, 0, 2.10793, 6.06428
2.06409, 59.0715, 0.401272, 3.90444, -475.123, -347.197, -170.989, 0, 2.10793, 6.06428
2.06587, 59.0715, 0.401272, 3.92395, -475.123, -347.197, -170.989, 0, 2.10793, 6.06428
2.06695, 59.0715, 0.401272, 3.93534, -475.123, -347.197, -170.989, 0, 2.10793, 6.06428
2.0679, 59.0715, 0.401272, 3.94507, -475.123, -347.197, -170.989, 0, 2.10793, 6.06428
2.1005, 59.0715, 0.401272, 4.20496, -475.123, -347.197, -170.989, 0, 2.10793, 6.06428
2.16786, 59.0715, 0.401272, 4.56389, -475.123, -347.197, -170.989, 0, 2.10793, 6.06428
2.32058, 59.0715, 0.401272, 5.12565, -475.123, -347.197, -170.989, 0, 2.10793, 6.06428
2.4302, 59.0715, 0.401272, 5.45238, -475.123, -347.197, -170.989, 0, 2.10793, 6.06428
2.43888, 59.0715, 0.401272, 5.47685, -475.123, -347.197, -170.989, 0, 2.10793, 6.06428
2.53144, 59.0715, 0.401272, 5.72774, -475.123, -347.197, -170.989, 0, 2.10793, 6.06428
2.55213, 59.0715, 0.401272, 5.78147, -475.123, -347.197, -170.989, 0, 2.10793, 6.06428
2.56383, 59.0715, 0.401272, 5.81148, -475.123, -347.197, -170.989, 0, 2.10793, 6.06428
2.67053, 59.0715, 0.401272, 6.0734, -475.123, -347.197, -170.989, 0, 2.10793, 6.06428
2.84902, 59.0715, 0.401272, 6.47424, -475.123, -347.197, -170.989, 0, 2.10793, 6.06428
2.91751, 59.0715, 0.401272, 6.62178, -475.123, -347.197, -170.989, 0, 2.10793, 6.06428
2.9933, 59.0715, 0.401272, 6.7851, -475.123, -347.197, -170.989, 0, 2.10793, 6.06428
3.41949, 59.0715, 0.401272, 7.7522, -475.123, -347.197, -170.989, 0, 2.10793, 6.06428
3.66638, 59.0715, 0.401272, 8.3524, -475.123, -347.197, -170.989, 0, 2.10793, 6.06428
3.66969, 59.0715, 0.401272, 8.36108, -475.123, -347.197, -170.989, 0, 2.10793, 6.06428
3.67384, 59.0715, 0.401272, 8.37199, -475.123, -347.197, -170.989, 0, 2.10793, 6.06428
3.7939, 59.0715, 0.401272, 8.70609, -475.123, -347.197, -170.989, 0, 2.10793, 6.06428
4.62083, 59.0715, 0.401272, 12.4212, -475.123, -347.197, -170.989, 0, 2.10793, 6.06428
4.77824, 59.0715, 0.401272, 13.6544, -475.123, -347.197, -170.989, 0, 2.10793, 6.06428
5.05189, 59.0715, 0.401272, 16.1806, -475.123, -347.197, -170.989, 0, 2.10793, 6.06428
5.15493, 59.0715, 0.401272, 17.4088, -475.123, -347.197, -170.989, 0, 2.10793, 6.06428
5.2595, 59.0715, 0.401272, 18.5953, -475.123, -347.197, -170.989, 0, 2.10793, 6.06428
5.32682, 59.0715, 0.401272, 19.489, -475.123, -347.197, -170.989, 0, 2.10793, 6.06428
5.36374, 59.0715, 0.401272, 20.0129, -475.123, -347.197, -170.989, 0, 2.10793, 6.06428
5.55124, 59.0715, 0.401272, 22.7529, -475.123, -347.197, -170.989, 0, 2.10793, 6.06428
5.80131, 59.0715, 0.401272, 26.9385, -475.123, -347.197, -170.989, 0, 2.10793, 6.06428
5.89977, 59.0715, 0.401272, 28.7892, -475.123, -347.197, -170.989, 0, 2.10793, 6.06428
6.05709, 59.0715, 0.401272, 32.0257, -475.123, -347.197, -170.989, 0, 2.10793, 6.06428
6.48011, 59.0715, 0.401272, 42.7293, -475.123, -347.197, -170.989, 0, 2.10793, 6.06428
6.60964, 59.0715, 0.401272, 46.6284, -475.123, -347.197, -170.989, 0, 2.10793, 6.06428
7.3598, 59.0715, 0.401272, 74.8311, -475.123, -347.197, -170.989, 0, 2.10793, 6.06428
7.74949, 59.0715, 0.401272, 93.631, -475.123, -347.197, -170.989, 0, 2.10793, 6.06428
7.80836, 59.0715, 0.401272, 96.7294, -475.123, -347.197, -170.989, 0, 2.10793, 6.06428
8.08151, 59.0715, 0.401272, 111.946, -475.123, -347.197, -170.989, 0, 2.10793, 6.06428
3.0299, 89.9352, 0.475388, 5.35065, -475.123, -347.197, -170.989, 0, 2.10793, 6.06428
2.76792, 89.9352, 0.475388, 5.91408, -475.123, -347.197, -170.989, 0, 2.10793, 6.06428
2.65169, 89.9352, 0.475388, 6.22175, -475.123, -347.197, -170.989, 0, 2.10793, 6.06428
2.54513, 89.9352, 0.475388, 6.55624, -475.123, -347.197, -170.989, 0, 2.10793, 6.06428
2.36869, 89.9352, 0.475388, 7.35829, -475.123, -347.197, -170.989, 0, 2.10793, 6.06428
2.36616, 89.9352, 0.475388, 7.37512, -475.123, -347.197, -170.989, 0, 2.10793, 6.06428
2.35545, 89.9352, 0.475388, 7.44997, -475.123, -347.197, -170.989, 0, 2.10793, 6.06428
2.31639, 89.9352, 0.475388, 9.30359, -475.123, -347.197, -170.989, 0, 2.10793, 6.06428
2.38981, 89.9352, 0.475388, 9.77106, -475.123, -347.197, -170.989, 0, 2.10793, 6.06428
3.82072, 89.9352, 0.475388, 14.5175, -475.123, -347.197, -170.989, 0, 2.10793, 6.06428
5.71791, 89.9352, 0.475388, 38.4629, -475.123, -347.197, -170.989, 0, 2.10793, 6.06428
5.94056, 89.9352, 0.475388, 44.1898, -475.123, -347.197, -170.989, 0, 2.10793, 6.06428
6.01205, 89.9352, 0.475388, 46.1848, -475.123, -347.197, -170.989, 0, 2.10793, 6.06428
6.05593, 89.9352, 0.475388, 47.4435, -475.123, -347.197, -170.989, 0, 2.10793, 6.06428
8.64085, 89.9352, 0.475388, 180.308, -475.123, -347.197, -170.989, 0, 2.10793, 6.06428
9.69463, 89.9352, 0.475388, 261.76, -475.123, -347.197, -170.989, 0, 2.10793, 6.06428
3.47363, 132.993, 0.654059, 21.8739, -475.123, -347.197, -170.989, 0, 2.10793, 6.06428
4.93497, 92.2571, 2.33566, 71.2163, -475.123, -347.197, -170.989, 0, 2.10793, 6.06428
5.17893, 55.7698, 2.32777, 22.0301, -475.123, -347.197, -170.989, 0, 2.10793, 6.06428
4.13633, 55.7698, 2.32777, 31.7476, -475.123, -347.197, -170.989, 0, 2.10793, 6.06428
5.45454, 55.7698, 2.32777, 80.0796, -475.123, -347.197, -170.989, 0, 2.10793, 6.06428
5.6581, 55.7698, 2.32777, 89.0247, -475.123, -347.197, -170.989, 0, 2.10793, 6.06428
6.25507, 55.7698, 2.32777, 127.18, -475.123, -347.197, -170.989, 0, 2.10793, 6.06428
6.82506, 55.7698, 2.32777, 174.705, -475.123, -347.197, -170.989, 0, 2.10793, 6.06428
7.15672, 55.7698, 2.32777, 204.14, -475.123, -347.197, -170.989, 0, 2.10793, 6.06428
4.84785, 52.0496, 1.81758, 15.9024, -475.123, -347.197, -170.989, 0, 2.10793, 6.06428
4.17913, 52.0496, 1.81758, 19.3136, -475.123, -347.197, -170.989, 0, 2.10793, 6.06428
4.13616, 52.0496, 1.81758, 19.649, -475.123, -347.197, -170.989, 0, 2.10793, 6.06428
3.85343, 52.0496, 1.81758, 21.9501, -475.123, -347.197, -170.989, 0, 2.10793, 6.06428
3.59224, 52.0496, 1.81758, 25.9874, -475.123, -347.197, -170.989, 0, 2.10793, 6.06428
3.55781, 52.0496, 1.81758, 28.7663, -475.123, -347.197, -170.989, 0, 2.10793, 6.06428
3.56199, 52.0496, 1.81758, 29.3003, -475.123, -347.197, -170.989, 0, 2.10793, 6.06428
3.58161, 52.0496, 1.81758, 30.4736, -475.123, -347.197, -170.989, 0, 2.10793, 6.06428
3.6879, 52.0496, 1.81758, 33.503, -475.123, -347.197, -170.989, 0, 2.10793, 6.06428
3.78974, 52.0496, 1.81758, 35.4689, -475.123, -347.197, -170.989, 0, 2.10793, 6.06428
3.93366, 52.0496, 1.81758, 37.8065, -475.123, -347.197, -170.989, 0, 2.10793, 6.06428
4.02833, 52.0496, 1.81758, 39.213, -475.123, -347.197, -170.989, 0, 2.10793, 6.06428
4.73208, 52.0496, 1.81758, 49.2752, -475.123, -347.197, -170.989, 0, 2.10793, 6.06428
5.01419, 52.0496, 1.81758, 53.9567, -475.123, -347.197, -170.989, 0, 2.10793, 6.06428
5.36505, 52.0496, 1.81758, 61.0779, -475.123, -347.197, -170.989, 0, 2.10793, 6.06428
5.62724, 52.0496, 1.81758, 68.0392, -475.123, -347.197, -170.989, 0, 2.10793, 6.06428
7.75055, 52.0496, 1.81758, 214.318, -475.123, -347.197, -170.989, 0, 2.10793, 6.06428
3.32142, 85.4872, 1.41969, 23.389, -475.123, -347.197, -170.989, 0, 2.10793, 6.06428
7.14779, 85.4872, 1.41969, 154.795, -475.123, -347.197, -170.989, 0, 2.10793, 6.06428
2.76446, 133.93, 0.718147, 20.5709, -475.123, -347.197, -170.989, 0, 2.10793, 6.06428
3.04818, 216.181, 0.606666, 28.1513, -475.123, -347.197, -170.989, 0, 2.10793, 6.06428